{
  "russia": 0.004652146331148234,
  "trump": 0.00444068513427786,
  "president": 0.004229223937407486,
  "ukraine": 0.004017762740537111,
  "shooting": 0.003594840346796363,
  "russian": 0.0033833791499259885,
  "biden": 0.0033833791499259885,
  "human": 0.0033833791499259885,
  "rights": 0.0033833791499259885,
  "gun": 0.0033833791499259885,
  "ukrainian": 0.0031719179530556143,
  "palin": 0.0031719179530556143,
  "climate": 0.00296045675618524,
  "weapons": 0.00296045675618524,
  "walmart": 0.00296045675618524,
  "political": 0.002748995559314866,
  "carroll": 0.0025375343624444912,
  "lawsuit": 0.0025375343624444912,
  "countries": 0.0025375343624444912,
  "global": 0.0025375343624444912,
  "war": 0.0025375343624444912,
  "children": 0.0025375343624444912,
  "congress": 0.0025375343624444912,
  "killed": 0.0025375343624444912,
  "state": 0.0025375343624444912,
  "news": 0.0025375343624444912,
  "chesapeake": 0.0025375343624444912,
  "assault": 0.002326073165574117,
  "media": 0.002326073165574117,
  "violence": 0.002326073165574117,
  "colorado": 0.002326073165574117,
  "virginia": 0.002326073165574117,
  "youth": 0.002326073165574117,
  "law": 0.002114611968703743,
  "including": 0.002114611968703743,
  "energy": 0.002114611968703743,
  "security": 0.002114611968703743,
  "forum": 0.002114611968703743,
  "crisis": 0.0019031507718333686,
  "support": 0.0019031507718333686,
  "foreign": 0.0019031507718333686,
  "russia's": 0.0019031507718333686,
  "much": 0.0019031507718333686,
  "life": 0.0019031507718333686,
  "cup": 0.0019031507718333686,
  "iran": 0.0019031507718333686,
  "police": 0.0019031507718333686,
  "department": 0.0016916895749629942,
  "government": 0.0016916895749629942,
  "important": 0.0016916895749629942
}
